Instance,Metric,CoveragePercent
/top_tb/cpu_if,Toggles,92.85
/top_tb/ai_if,Toggles,63.73
/top_tb/dma_if,Toggles,76.09
/top_tb/dbg_if,Toggles,74.17
/top_tb/fabric_skid_if,Toggles,99.17
/top_tb/skid_ddr_if,Toggles,98.62
/top_tb/mem_if,Toggles,94.64
/top_tb/u_fabric/u_arbiter,Branches,100.0
/top_tb/u_fabric/u_arbiter,Conditions,100.0
/top_tb/u_fabric/u_arbiter,Statements,100.0
/top_tb/u_fabric/u_arbiter,Toggles,20.88
/top_tb/u_fabric,Branches,95.0
/top_tb/u_fabric,Statements,98.07
/top_tb/u_fabric,Toggles,96.15
/top_tb/u_skid_buffer,Branches,100.0
/top_tb/u_skid_buffer,Conditions,100.0
/top_tb/u_skid_buffer,Statements,100.0
/top_tb/u_skid_buffer,Toggles,98.66
/top_tb/u_ddr64_ctrl/u_crc8_wr,Statements,100.0
/top_tb/u_ddr64_ctrl/u_crc8_wr,Toggles,71.42
/top_tb/u_ddr64_ctrl,Branches,96.42
/top_tb/u_ddr64_ctrl,Conditions,70.0
/top_tb/u_ddr64_ctrl,FSM States,100.0
/top_tb/u_ddr64_ctrl,FSM Transitions,66.66
/top_tb/u_ddr64_ctrl,Statements,100.0
/top_tb/u_ddr64_ctrl,Toggles,99.2
/top_tb/u_memory_model/u_crc8_check,Statements,100.0
/top_tb/u_memory_model/u_crc8_check,Toggles,71.42
/top_tb/u_memory_model,Branches,100.0
/top_tb/u_memory_model,Conditions,77.77
/top_tb/u_memory_model,Expressions,100.0
/top_tb/u_memory_model,Statements,100.0
/top_tb/u_memory_model,Toggles,63.08
/top_tb/u_benoc_assertions,Assertions,100.0
/top_tb/u_benoc_assertions,Toggles,75.0
/top_tb/u_benoc_scoreboard,Branches,75.0
/top_tb/u_benoc_scoreboard,Conditions,41.37
/top_tb/u_benoc_scoreboard,Expressions,0.0
/top_tb/u_benoc_scoreboard,Statements,77.27
/top_tb/u_benoc_scoreboard,Toggles,11.11
/top_tb/u_benoc_perf_monitor,Branches,91.66
/top_tb/u_benoc_perf_monitor,Conditions,85.71
/top_tb/u_benoc_perf_monitor,Statements,100.0
/top_tb/u_benoc_perf_monitor,Toggles,19.19
/top_tb/u_benoc_coverage,Covergroups,100.0
/top_tb/u_benoc_coverage,Covergroup Bins,100.0
/top_tb/u_benoc_coverage,Statements,100.0
/top_tb/u_benoc_coverage,Toggles,75.0
/top_tb,Assertions,100.0
/top_tb,Branches,61.53
/top_tb,Statements,97.16
/top_tb,Toggles,83.33
/traffic_pkg,Statements,100.0
